{
  "debt_to_income_ratio": 0.16631317690194927,
  "affordability_ratio": 0.11004191318501148,
  "repayment_history_score": 0.10830014467747685,
  "loan_to_income_ratio": 0.0958406199063077,
  "existing_loan_monthly_payment": 0.04629409636093837,
  "estimated_monthly_payment": 0.042656085433551934,
  "existing_loan_balance": 0.042059265553017075,
  "has_existing_loan": 0.03651631891154312,
  "requested_loan_amount": 0.03543522763379672,
  "monthly_income": 0.030652796479410275,
  "savings_to_loan_ratio": 0.026703862423661552,
  "income_stability_score": 0.022696874760709165,
  "total_monthly_income": 0.022130783488620895,
  "years_at_current_job": 0.02164415368512638,
  "total_savings": 0.02078001512997247,
  "age": 0.018937320309124483,
  "loan_tenure_months": 0.018431318513677204,
  "average_monthly_deposit": 0.018405550286826857,
  "savings_account_age_months": 0.017765419012608457,
  "x3_unemployed": 0.014815464718851304,
  "has_guarantor": 0.009181957624346645,
  "x3_formal": 0.008827946393568075,
  "has_collateral": 0.008506998198596342,
  "other_income_amount": 0.00794131523092917,
  "is_new_client": 0.005403805097079103,
  "has_other_income": 0.0026798067354262714,
  "x1_married": 0.0025873549927280443,
  "x3_informal": 0.0025298779973947434,
  "x0_M": 0.002524533209930276,
  "x2_secondary": 0.0025157723841875003,
  "x0_F": 0.0023237448186035634,
  "x6_adult": 0.0022401858023236854,
  "x6_young": 0.002078696598289228,
  "x3_self_employed": 0.001993657589284336,
  "x1_single": 0.0019696440854649333,
  "x4_agriculture": 0.0019651529493934943,
  "x2_basic": 0.001832269433235373,
  "x4_private": 0.0016444574424610801,
  "x4_government": 0.001423966862655626,
  "x6_senior": 0.0014209388002097024,
  "x5_business": 0.0014133500637414018,
  "x5_agriculture": 0.0013521610755298757,
  "x2_tertiary": 0.001325335633033756,
  "x5_personal": 0.0013063519739817482,
  "x5_education": 0.0012880398249930235,
  "x4_trading": 0.001248094920987295,
  "x5_medical": 0.0011771162709705069,
  "x4_other": 0.0008694475127965667,
  "x5_housing": 0.0007301498385668573,
  "x2_none": 0.0006637187838269489,
  "x1_divorced": 0.0005036891988782939,
  "x1_widowed": 0.00011005528440487643
}