{
  "accuracy": 0.787,
  "precision": 0.7971291866028708,
  "recall": 0.7956064947468959,
  "f1_score": 0.7963671128107075,
  "auc_roc": 0.848737861937019
}